{"lastDeploymentHandler":"com.amazonaws.lambda.demo.no","lastInvokeHandler":"com.amazonaws.lambda.demo.no","handlerMetadata":{"com.amazonaws.lambda.demo.no":{"deployment":{"regionId":"ap-northeast-2","awsLambdaFunctionName":"beob","awsIamRoleName":"hello-lambda-role","awsS3BucketName":"lambda-function-bucket-ap-northeast-2-1634834869641","memory":0,"timeout":0},"invoke":{"selectJsonFile":false,"invokeJsonFile":"","selectJsonInput":true,"invokeInput":"{\"state\":{\"reported\":{\"distance\":\"11.20\",\"LED\":\"OFF\"}}}\r","showLiveLog":true}}},"lastInvokedHandlerDeployed":true}